prediction;test_price
27.98;28.78
28.34;28.81
28.53;28.14
28.47;28.2
28.07;28.74
28.1;29.0
28.07;28.63
28.45;28.29
28.51;28.28
28.19;28.16
28.13;27.78
28.22;27.72
27.76;27.16
27.67;27.18
27.25;26.64
27.13;26.31
26.72;26.76
26.19;26.45
26.44;26.48
26.41;26.04
26.4;26.02
26.08;25.1
26.0;24.87
25.32;24.53
24.92;24.88
24.48;25.5
24.68;25.02
24.99;25.62
24.77;25.12
25.14;25.66
24.96;26.03
25.17;26.75
25.69;26.96
26.18;26.23
26.42;27.48
26.07;27.67
26.72;28.02
26.9;27.85
27.3;27.94
27.46;28.6
27.43;28.19
27.85;28.34
27.93;28.08
27.86;28.42
27.69;28.15
28.05;28.41
27.89;28.69
27.84;28.69
28.08;28.88
28.19;28.39
28.53;28.27
28.2;28.27
28.13;27.8
28.27;27.6
27.97;27.26
27.65;26.83
27.21;26.57
26.89;27.21
26.51;27.4
26.65;27.33
27.0;26.85
27.05;26.57
26.64;27.67
26.33;27.25
27.01;27.83
26.9;27.95
27.32;27.99
27.46;27.71
27.44;27.37
27.28;27.04
27.06;27.37
26.64;27.84
26.69;27.53
27.16;27.51
27.16;27.25
27.07;27.5
27.04;27.1
27.11;26.91
26.87;27.35
26.85;26.33
27.01;26.21
26.47;26.11
26.28;26.45
26.13;26.85
26.26;27.33
26.65;27.44
27.13;27.3
27.53;27.6
27.37;27.86
27.57;28.23
27.71;28.29
27.89;28.58
28.01;28.29
28.23;29.05
28.11;29.22
28.62;29.04
28.87;29.42
28.78;30.27
29.0;30.15
29.73;29.92
29.73;30.33
29.61;29.95
29.69;30.36
29.56;30.52
29.7;30.45
29.81;30.29
29.92;29.74
29.92;29.36
29.37;29.32
29.08;28.99
28.89;29.35
28.77;29.54
28.94;29.49
29.06;29.31
29.2;29.05
29.08;28.95
28.95;29.97
28.75;30.09
29.45;28.8
29.8;28.95
29.0;29.51
28.87;29.02
29.2;29.0
29.06;29.6
28.92;29.36
29.45;28.88
29.29;28.74
28.99;28.69
28.78;27.86
28.59;28.26
28.07;28.11
28.06;28.34
28.12;27.51
28.2;27.54
27.79;27.22
27.57;27.09
27.18;26.79
27.08;26.96
26.8;26.24
26.83;26.13
26.32;25.77
25.95;25.82
25.67;25.47
25.46;25.39
25.23;25.67
25.27;26.55
25.45;27.22
26.0;26.96
26.64;26.6
26.69;26.53
26.36;27.17
26.11;27.06
26.56;27.13
26.64;26.61
26.66;26.97
26.42;27.63
26.53;26.48
26.88;26.24
26.5;26.49
26.2;27.31
26.22;27.41
26.84;26.97
27.21;27.94
26.7;28.61
27.35;28.06
28.02;27.69
27.72;28.2
27.49;28.35
27.71;27.99
28.03;27.7
27.65;27.76
27.5;27.77
27.49;28.09
27.32;27.57
27.67;27.66
27.3;27.71
27.25;28.43
27.34;28.22
27.78;28.3
27.84;28.36
27.95;27.51
27.91;27.36
27.39;28.72
27.02;28.29
27.92;28.59
28.0;28.74
28.28;29.01
28.47;28.23
28.6;28.36
28.04;28.08
27.95;29.17
27.82;30.0
28.52;28.71
29.33;28.38
28.66;27.72
28.15;28.33
27.68;28.57
28.01;25.94
28.33;26.77
26.75;26.76
26.64;26.14
26.63;25.77
26.06;24.65
25.72;23.18
24.8;22.4
23.63;20.76
22.67;20.1
21.43;23.31
20.37;22.4
22.29;20.39
22.53;21.17
21.26;21.59
21.06;23.16
21.37;22.08
22.57;20.11
22.33;20.41
20.86;19.72
20.44;18.64
19.88;20.86
19.06;20.91
19.87;22.1
20.57;22.6
21.42;21.84
22.0;22.7
21.7;21.14
22.02;19.9
21.46;20.38
20.37;19.26
20.05;19.0
19.5;17.59
19.27;18.89
17.94;18.39
18.61;17.22
18.52;18.03
17.79;17.4
18.19;16.34
17.65;18.42
17.09;19.37
18.31;19.22
18.88;19.63
19.13;19.65
19.58;17.74
19.46;18.72
18.56;19.14
18.8;19.01
18.87;19.86
19.24;21.74
19.6;20.53
20.97;20.68
20.82;20.21
20.35;20.02
20.01;20.16
19.7;21.06
19.7;20.88
20.45;20.21
20.47;19.86
19.96;19.42
19.8;19.35
19.56;19.47
19.49;19.64
19.63;19.01
19.35;19.9
19.23;20.09
19.38;21.18
19.58;20.81
20.6;21.53
20.52;20.52
20.98;20.28
20.67;19.75
20.34;19.36
19.98;18.77
19.56;18.42
19.19;18.91
18.55;19.0
18.74;17.92
19.29;18.8
18.52;18.57
18.73;18.25
18.88;18.47
18.53;18.82
18.34;19.73
18.61;18.82
19.56;18.31
19.24;17.89
18.57;18.26
18.26;16.82
18.01;16.57
17.37;17.22
17.12;17.21
17.19;16.61
17.19;16.38
16.95;16.67
16.66;16.4
16.55;15.8
16.68;15.61
16.29;15.66
15.73;15.52
15.74;15.03
15.52;15.87
15.29;15.37
15.58;14.93
15.68;14.85
15.32;14.21
15.1;14.49
14.83;15.0
14.83;14.16
15.11;14.02
14.89;13.8
14.42;14.71
13.91;14.69
14.81;15.43
14.84;15.17
15.26;15.24
15.21;15.78
15.35;16.04
15.63;15.67
15.91;15.45
15.86;16.75
15.46;16.19
16.22;16.41
16.35;16.88
16.15;16.46
16.51;15.81
16.37;16.08
15.96;16.64
15.73;17.89
16.26;17.71
17.25;17.37
17.55;16.93
17.48;17.14
16.53;17.6
16.47;17.29
17.18;16.84
17.18;17.47
16.79;18.16
17.25;18.05
17.93;17.19
17.94;17.24
17.11;17.18
16.94;17.38
17.16;17.94
17.08;17.48
17.55;17.28
17.52;18.6
17.52;19.39
18.63;19.43
19.03;20.24
19.26;20.5
20.07;22.91
20.44;22.43
21.81;22.54
22.14;21.88
22.34;21.53
21.86;20.9
21.16;20.79
20.57;20.73
20.56;21.44
20.55;21.09
20.74;20.85
20.96;20.57
21.02;20.99
20.77;21.73
20.89;21.14
21.38;21.24
21.38;21.45
21.1;22.16
21.27;22.25
21.72;22.21
22.22;22.26
22.35;22.09
22.37;22.43
22.36;22.43
22.57;22.22
22.87;22.34
22.4;22.19
22.32;21.47
22.46;20.8
21.68;20.97
21.27;21.0
21.12;20.83
20.98;20.06
20.93;20.26
20.53;20.28
20.18;20.85
20.14;20.75
20.67;20.95
20.48;20.66
20.64;20.76
20.73;20.22
20.73;20.44
20.59;19.95
20.32;19.69
20.17;19.95
19.84;19.84
20.02;20.1
19.73;20.46
19.82;21.32
20.31;21.95
21.12;21.7
21.51;22.46
21.83;22.31
22.31;22.47
22.23;23.73
22.09;23.54
22.99;23.42
23.31;23.35
23.45;22.92
23.38;23.22
23.1;22.24
22.89;22.6
22.64;22.7
22.58;22.38
22.71;22.46
22.77;23.63
22.4;23.41
23.11;22.93
23.21;23.22
23.37;23.25
23.26;22.9
23.06;22.22
23.22;22.31
22.67;22.56
22.08;22.92
22.41;23.72
22.75;23.73
23.49;23.79
23.45;23.91
23.31;23.92
23.8;23.77
23.83;23.06
23.63;22.74
23.2;22.49
22.73;22.53
22.62;22.93
22.42;23.27
22.56;23.86
23.18;25.11
23.64;25.16
24.59;24.86
24.7;25.05
24.79;25.12
24.89;25.2
25.03;25.18
24.94;24.79
25.0;25.13
24.67;24.86
25.03;24.77
25.08;24.46
24.84;25.0
24.57;24.74
25.07;24.31
24.85;24.23
24.56;24.09
24.31;24.5
24.11;24.95
24.34;24.94
24.47;25.39
24.59;25.36
25.17;25.36
25.23;25.16
25.23;25.6
25.39;25.88
25.73;26.03
25.84;26.45
25.93;25.99
26.26;25.88
25.75;26.07
25.58;25.58
25.54;25.37
25.27;24.94
25.19;24.12
25.11;24.92
24.42;24.23
24.84;24.27
24.35;24.46
24.34;24.82
24.24;25.68
24.6;25.29
25.38;25.68
25.38;25.78
25.5;25.93
25.91;25.72
25.84;26.95
25.94;27.18
26.6;27.33
27.48;27.16
27.66;26.75
27.37;26.57
27.09;26.99
26.8;26.77
26.92;27.1
26.82;26.87
27.02;26.76
27.07;27.21
27.06;27.26
27.25;26.86
27.56;27.31
27.31;27.45
27.57;27.17
27.7;27.18
27.66;28.03
27.61;28.39
28.24;28.51
28.47;28.82
28.68;29.05
29.02;28.6
29.22;28.62
29.02;29.02
28.95;28.94
29.03;29.05
29.24;28.92
29.05;28.58
29.09;29.0
28.78;28.91
29.04;28.88
29.09;28.72
29.2;28.65
28.96;28.5
29.1;28.51
28.87;28.55
28.75;28.09
28.51;27.6
28.26;28.03
27.92;27.78
28.02;27.41
27.95;27.77
27.62;27.94
27.82;27.42
27.97;26.85
27.82;26.8
27.5;26.57
27.29;26.26
26.86;26.29
26.63;26.47
26.48;26.44
26.74;26.85
26.67;27.54
26.92;26.57
27.54;26.46
26.82;26.4
26.55;26.73
26.38;26.9
26.42;27.01
26.63;26.93
26.58;27.29
26.51;27.64
26.76;27.78
27.19;27.97
27.55;27.87
27.52;27.69
27.65;28.11
27.54;28.09
27.76;27.98
27.8;28.25
27.85;28.55
28.09;28.34
28.16;29.17
27.86;29.75
28.55;29.73
29.14;29.83
29.22;29.85
29.24;30.28
29.17;30.17
29.45;30.2
29.72;30.23
29.98;30.23
29.81;30.26
29.68;30.13
29.75;30.41
29.77;30.46
29.9;30.8
30.16;31.43
30.51;31.63
30.92;31.49
31.33;31.44
31.28;31.27
31.02;31.84
31.0;31.54
31.24;31.77
30.92;31.63
30.9;31.95
31.12;32.44
31.44;32.15
32.04;32.1
32.06;32.42
31.9;32.6
32.13;32.09
32.36;32.4
32.02;32.73
32.1;32.75
32.36;32.94
32.47;32.95
32.65;33.18
32.93;32.53
33.26;32.5
32.93;33.34
32.8;33.0
33.07;33.64
32.89;32.77
33.34;31.65
32.89;30.46
31.75;29.92
30.7;31.61
30.1;32.03
31.09;31.46
31.9;31.12
31.9;30.51
31.55;30.63
30.98;30.21
30.8;29.91
30.52;28.65
30.05;29.44
29.31;29.09
29.37;28.95
29.07;29.62
28.98;30.78
29.41;29.93
30.43;29.85
30.04;31.12
29.63;31.09
30.31;30.17
30.68;29.59
30.12;29.69
29.72;29.5
29.49;30.55
29.33;30.67
29.98;30.39
30.21;31.34
30.13;31.16
30.66;31.41
30.78;31.48
30.95;31.4
31.01;30.77
31.11;30.76
30.82;30.09
30.46;29.99
30.12;29.75
29.88;28.93
29.57;28.21
28.99;28.2
28.31;28.11
28.07;28.41
28.19;29.68
28.46;29.86
29.39;30.23
29.64;30.25
29.99;30.86
29.93;30.67
30.29;30.5
30.36;29.58
30.27;29.83
29.52;29.91
29.41;29.39
29.7;30.09
29.38;30.57
29.49;30.81
29.85;30.7
29.91;30.49
29.89;30.19
29.49;30.17
29.49;30.88
29.47;30.64
29.85;31.2
30.16;31.33
30.62;31.35
30.89;31.49
31.0;31.61
31.12;30.65
30.98;30.44
30.39;30.17
30.16;30.15
30.01;30.24
29.68;30.37
29.84;29.73
30.06;29.6
29.52;29.49
29.32;28.79
29.24;28.76
28.75;28.61
28.61;29.36
28.31;28.97
28.78;29.14
28.73;30.01
28.92;30.37
29.56;31.05
29.88;30.31
30.31;30.31
29.99;30.52
29.79;30.59
29.9;30.69
29.83;30.5
30.01;30.64
29.93;30.6
30.08;30.95
30.22;31.26
30.42;30.9
30.38;30.44
30.03;29.66
29.79;30.08
29.13;29.82
29.24;29.75
29.38;29.57
29.36;29.65
29.07;29.86
29.15;29.68
29.44;30.3
29.42;30.2
29.82;30.37
29.78;30.91
29.91;30.96
30.34;30.88
30.65;31.27
30.56;31.21
30.78;31.24
30.82;31.12
30.67;30.67
30.63;31.01
30.49;31.06
30.67;31.32
30.59;31.76
30.68;32.21
31.01;32.17
31.5;32.7
31.7;32.36
31.97;32.27
31.86;32.34
31.75;32.5
31.68;33.17
31.85;33.32
32.4;33.19
32.85;33.01
32.81;33.13
32.6;32.18
32.55;33.81
32.02;33.36
32.78;33.07
33.02;33.34
32.48;33.66
32.54;33.15
32.96;33.09
32.94;32.35
32.91;33.02
32.62;32.87
32.83;32.62
32.85;32.7
32.6;33.25
32.53;33.44
32.94;33.67
33.14;33.64
33.2;33.43
33.3;33.11
33.3;33.27
33.06;33.19
33.08;33.62
32.91;33.72
33.17;33.46
33.53;33.51
33.25;33.55
33.19;33.56
33.1;33.8
33.09;34.36
33.16;34.14
33.42;33.94
33.57;33.83
33.52;34.05
33.25;33.94
33.24;33.96
33.11;34.24
33.07;35.3
33.29;36.18
34.05;35.9
34.76;35.72
34.88;35.77
34.8;35.67
34.74;35.47
34.98;35.55
34.74;35.58
34.71;35.67
34.77;35.39
34.81;35.47
34.55;35.98
34.45;36.16
34.88;36.09
35.15;35.71
35.36;35.73
35.19;35.18
34.92;35.19
34.56;36.11
34.4;36.66
34.98;36.67
35.35;36.86
35.5;37.07
35.86;37.29
36.01;39.26
36.25;39.22
37.65;39.31
38.09;39.15
38.2;39.02
37.92;39.57
37.83;39.57
38.11;39.44
38.33;38.62
38.31;38.15
37.72;38.41
37.07;38.89
37.26;39.6
37.52;38.93
38.15;39.2
38.04;39.9
38.12;39.43
38.47;38.95
38.43;39.12
38.32;39.04
38.34;38.45
38.32;38.87
38.14;38.25
38.48;37.68
38.07;36.76
37.5;36.91
36.62;37.33
36.24;37.87
36.45;37.52
36.93;38.25
37.13;38.81
37.6;38.91
38.13;38.5
38.22;38.88
38.04;39.25
38.19;39.02
38.54;38.8
38.43;38.6
38.07;38.42
37.95;38.27
37.82;38.07
37.65;37.81
37.54;37.93
37.3;37.69
37.02;37.76
36.42;37.14
36.44;37.59
36.44;37.3
36.64;37.44
36.64;38.07
36.65;38.27
37.12;37.97
37.63;38.33
37.45;38.55
37.4;38.95
37.36;39.02
37.64;39.18
38.0;39.0
38.27;38.59
38.28;38.65
38.01;38.99
37.91;39.02
37.93;39.76
38.05;37.59
38.6;37.65
37.25;37.59
36.73;37.06
36.6;37.13
36.2;37.5
36.18;37.47
36.48;37.58
36.72;37.27
36.61;37.21
36.37;37.24
36.16;37.11
36.17;37.59
36.27;37.69
36.59;36.58
36.69;36.27
35.96;35.66
35.37;35.67
35.0;35.63
34.85;35.52
34.71;35.65
34.36;34.86
34.34;34.74
33.86;34.94
33.75;34.76
33.89;34.42
34.08;34.44
33.8;34.62
33.57;35.11
33.65;34.69
34.12;34.24
33.95;34.03
33.62;34.47
33.42;34.33
33.57;34.72
33.69;35.35
33.85;35.96
34.35;36.19
34.98;35.83
35.08;35.98
34.77;36.14
34.89;35.51
34.87;35.45
34.55;35.82
34.45;35.84
34.73;35.56
34.75;35.09
34.66;35.8
34.2;35.64
34.49;36.89
34.46;36.81
35.19;36.73
35.45;36.68
35.32;35.78
35.46;35.67
34.85;34.97
34.35;34.81
34.01;33.47
33.78;33.89
32.93;32.01
32.9;31.85
31.89;29.91
31.26;31.42
29.93;28.56
30.37;29.08
29.01;29.96
28.71;30.47
29.09;30.26
29.48;30.21
29.45;29.47
29.68;28.84
29.12;28.99
28.64;29.07
28.48;29.44
28.49;28.98
28.74;29.34
28.44;30.02
28.37;30.41
28.66;30.84
29.24;30.22
29.62;29.39
29.37;28.76
28.67;29.54
28.21;28.93
28.32;28.11
28.36;28.33
27.63;28.48
27.73;29.24
27.67;29.83
28.32;29.8
28.82;29.44
29.09;29.26
28.72;28.32
28.71;26.76
28.16;27.01
27.07;27.44
26.83;28.21
27.02;27.6
27.55;27.75
27.37;27.31
27.37;26.26
27.29;27.04
26.43;28.53
26.58;29.0
27.75;28.7
28.22;29.88
28.18;29.53
28.95;30.57
28.72;30.38
29.29;31.21
29.5;30.23
29.99;30.73
29.64;30.43
29.83;30.64
29.75;31.84
29.59;32.03
30.48;31.25
31.06;31.74
30.69;32.85
31.0;32.79
31.69;31.58
31.81;30.42
31.03;30.85
30.3;31.72
30.58;31.47
31.15;31.83
31.16;31.95
31.28;30.6
31.21;31.36
30.43;33.23
30.76;32.7
31.9;33.0
32.15;32.17
32.23;31.83
32.02;32.26
31.36;31.08
31.75;30.8
30.99;30.24
30.53;30.34
29.84;30.85
29.73;30.79
30.04;32.46
30.04;32.59
31.18;33.15
31.54;33.45
31.77;33.35
32.19;33.59
32.34;32.52
32.51;33.1
31.78;33.18
31.8;32.9
31.8;32.37
31.71;32.4
31.46;32.52
31.73;31.99
31.29;33.3
31.04;33.39
31.7;34.02
32.05;34.71
32.6;34.63
33.25;34.29
33.53;34.72
33.05;34.52
33.46;35.27
33.63;35.77
34.64;36.37
35.01;36.74
35.39;36.6
35.59;36.49
35.49;35.63
35.7;35.66
35.14;35.35
34.87;35.43
34.62;35.92
34.5;36.31
34.59;36.19
35.24;36.14
35.52;36.14
35.55;36.42
35.4;36.23
35.68;36.14
35.74;35.9
35.35;35.81
35.0;36.21
34.85;35.82
34.99;36.83
34.9;37.25
35.28;37.73
35.97;38.0
36.44;38.23
36.57;38.16
36.94;38.47
36.76;38.3
37.25;37.98
37.15;38.24
37.27;38.44
37.04;38.27
37.44;38.0
37.03;38.19
37.09;38.03
37.09;38.34
37.15;38.6
37.32;38.66
37.74;39.03
37.9;39.0
38.34;39.31
38.41;38.67
38.45;38.44
37.9;38.69
37.51;38.89
37.9;38.98
37.91;40.52
38.03;40.03
38.93;40.02
38.95;39.76
38.9;39.99
38.63;39.81
38.7;39.84
38.68;39.86
38.54;40.19
38.61;40.86
38.41;40.65
39.09;40.06
39.16;39.6
38.76;40.31
38.39;40.36
38.82;39.86
38.74;39.52
38.42;39.66
38.02;38.77
37.95;37.74
37.36;38.09
36.77;38.81
36.77;38.53
37.43;38.35
37.6;39.29
37.63;39.12
38.25;38.74
38.25;38.99
38.2;38.68
38.2;38.83
37.73;39.31
37.85;39.92
37.99;39.91
38.53;39.69
38.58;40.32
38.76;40.09
39.49;40.33
39.33;39.52
39.39;40.34
38.76;40.79
38.72;41.45
39.03;41.69
39.6;41.95
39.81;41.59
40.23;41.44
40.52;41.5
40.44;40.81
40.22;40.33
39.81;40.87
39.46;40.87
39.24;40.7
39.46;40.91
39.44;40.97
39.42;41.87
39.46;41.61
40.12;42.08
40.29;40.88
40.28;40.89
39.62;41.28
39.68;41.92
40.02;42.01
40.62;42.57
40.77;42.17
41.15;42.7
41.34;42.56
41.89;43.44
42.09;43.35
42.52;43.36
42.57;43.74
42.29;43.94
42.36;43.64
42.51;43.7
42.6;42.99
42.58;43.55
42.17;44.07
42.48;44.03
43.16;44.65
43.14;44.85
43.6;44.73
43.79;44.29
43.64;44.23
43.33;44.19
43.18;43.6
43.28;43.52
42.82;43.65
42.47;44.37
42.47;44.06
42.81;45.43
43.0;45.43
43.91;45.1
44.17;44.73
43.79;44.17
43.38;44.34
42.89;44.47
42.75;45.77
42.82;45.98
43.7;45.85
44.04;45.24
44.05;44.95
43.55;45.09
43.53;45.82
43.57;45.71
44.01;45.86
43.93;46.48
44.05;46.0
44.59;45.71
44.34;45.9
44.01;45.75
43.78;45.93
43.42;46.26
43.54;46.46
43.77;46.45
44.48;45.7
44.71;45.72
44.15;45.27
44.02;45.63
43.64;45.69
43.94;45.69
43.67;46.07
43.42;45.5
43.67;45.54
43.36;45.72
43.33;46.76
43.73;47.75
44.45;47.63
45.42;47.43
45.23;47.47
45.04;47.6
45.0;48.43
45.2;48.2
45.65;48.01
45.57;47.78
45.39;48.52
45.18;48.48
45.67;48.56
46.06;48.72
46.13;48.37
46.25;47.82
45.94;48.41
45.49;48.13
45.58;47.94
45.79;47.54
45.82;48.31
45.23;48.45
45.59;48.77
46.05;48.18
46.27;47.42
46.09;47.15
45.13;46.35
44.64;46.58
44.01;46.76
44.06;47.17
44.25;48.14
44.34;48.26
44.93;47.78
45.18;47.68
44.85;46.73
44.91;46.63
44.52;46.27
43.98;46.11
43.59;45.22
43.44;45.83
43.01;45.9
43.1;46.33
42.99;46.47
43.27;46.11
43.4;46.07
43.25;43.33
43.16;43.69
41.6;44.15
41.16;43.43
41.35;43.7
41.13;43.66
41.23;44.11
41.27;44.6
41.57;44.82
41.76;45.35
41.97;45.14
41.96;44.74
41.91;45.3
41.71;45.78
41.96;45.72
42.39;45.38
42.65;45.39
42.56;45.66
42.17;45.86
42.32;46.03
42.41;46.09
42.45;46.25
42.44;46.4
42.89;45.91
43.17;45.5
42.87;46.07
42.35;46.95
42.76;46.68
42.97;47.61
42.92;46.74
43.77;46.63
43.53;46.6
43.36;46.3
43.45;45.95
42.96;46.54
42.88;47.77
43.0;47.87
43.86;48.79
44.04;47.65
44.44;47.45
43.94;47.47
43.53;47.48
43.54;47.28
43.72;47.29
43.85;47.76
43.67;48.17
43.9;48.99
44.32;48.93
44.93;49.29
44.98;50.43
45.02;50.43
45.84;50.83
45.87;50.82
46.3;50.47
46.78;50.28
46.49;50.37
46.34;51.03
46.32;50.39
46.65;50.75
46.43;50.97
46.6;50.82
46.6;51.1
46.42;51.18
46.48;51.37
46.79;51.38
46.99;51.3
47.18;51.98
47.14;52.1
47.68;51.04
47.66;50.64
47.07;50.71
46.75;50.1
46.67;50.39
46.58;50.93
46.52;51.03
46.85;51.72
46.79;52.16
47.12;52.8
47.48;52.69
47.78;52.65
47.93;53.65
48.02;53.9
48.37;53.39
48.71;53.6
48.76;53.98
48.77;53.83
48.91;53.12
48.65;52.64
48.44;53.23
47.87;52.64
47.86;53.08
47.64;52.54
47.68;52.94
47.51;52.79
47.74;53.1
48.02;52.99
48.14;53.71
48.15;53.52
48.73;53.83
48.62;53.94
48.93;54.98
49.13;55.28
50.08;56.19
50.35;56.6
50.86;56.6
51.06;55.04
51.05;56.79
50.07;56.72
50.85;56.08
51.17;57.55
50.59;57.97
51.2;58.51
51.68;57.9
52.13;57.96
52.02;57.84
51.81;58.89
51.67;58.74
52.39;59.09
52.47;59.71
52.58;60.57
52.72;60.82
53.47;61.76
53.73;61.69
54.56;62.32
54.77;62.82
55.39;62.93
55.76;63.07
55.73;63.26
55.6;62.14
55.61;62.24
54.93;61.81
54.9;61.54
54.48;61.29
54.07;60.98
53.65;61.22
53.69;62.34
53.89;61.94
54.53;60.43
54.83;58.97
53.82;59.64
52.77;60.15
52.61;59.0
53.08;59.02
52.69;60.62
52.43;59.67
53.22;59.64
53.34;58.88
52.96;60.11
52.73;59.64
53.28;60.28
52.91;61.03
52.82;60.14
53.18;57.94
52.73;58.64
51.76;58.37
51.85;58.49
51.76;59.09
51.72;59.57
52.26;59.03
52.43;59.76
51.95;59.14
52.05;59.46
51.68;59.66
51.63;60.49
52.04;60.71
53.14;60.68
53.32;62.24
53.45;62.61
54.35;61.63
54.65;60.79
54.08;61.1
53.51;61.53
53.51;60.91
53.51;60.2
53.38;60.25
52.68;60.43
52.64;60.34
52.69;60.74
52.82;60.4
52.9;60.0
52.63;60.43
52.38;61.1
52.74;62.17
53.15;61.72
53.91;62.68
53.82;61.61
54.27;61.46
53.79;60.51
53.68;59.76
53.05;59.81
52.28;59.79
52.04;58.31
52.05;58.12
51.26;57.8
50.98;57.85
51.37;57.15
51.47;57.62
50.82;57.7
50.89;57.35
50.9;56.73
50.27;56.84
50.22;57.1
50.2;56.86
50.44;56.96
50.35;57.13
50.68;57.3
50.87;57.39
51.11;57.57
50.96;58.73
51.08;59.77
51.31;61.22
52.41;62.34
53.44;62.58
54.32;62.61
54.64;62.73
54.87;61.43
54.95;60.77
54.34;60.53
53.77;60.13
53.22;60.25
52.35;60.99
52.24;60.94
52.73;60.28
52.77;60.6
52.4;60.65
52.45;59.85
52.34;61.04
51.56;60.38
51.78;59.83
51.93;59.44
51.62;61.3
51.51;61.89
52.2;62.47
52.95;62.11
53.32;62.02
53.23;62.09
52.97;62.77
52.8;63.2
52.86;64.5
53.31;63.68
53.79;64.55
53.56;64.74
53.86;64.5
54.28;64.43
53.99;64.01
54.18;64.12
54.12;64.51
54.22;64.32
54.71;64.36
54.37;64.5
54.05;62.77
53.91;64.11
53.34;63.88
53.63;63.35
53.76;64.47
53.74;65.45
54.53;65.44
55.16;64.97
55.58;64.61
55.4;64.72
55.23;65.38
54.93;65.62
55.16;65.19
55.58;66.54
55.22;66.16
55.6;65.94
55.82;66.29
55.3;65.34
55.23;65.41
54.68;65.65
54.73;66.8
54.92;66.47
55.51;66.9
55.67;65.92
55.58;65.89
54.9;65.88
54.74;66.73
55.01;66.87
55.21;68.33
55.39;69.05
56.22;68.51
56.63;69.35
56.63;69.89
57.05;70.62
57.7;70.36
58.12;72.14
57.98;72.3
58.72;72.18
59.35;72.03
59.03;71.75
58.85;72.24
58.68;71.18
58.83;70.88
58.47;71.34
58.37;69.34
58.29;70.45
57.38;70.29
57.55;70.23
57.49;70.01
57.26;70.22
57.58;71.27
57.8;70.78
58.24;68.82
58.17;68.37
57.12;68.97
56.25;67.5
56.41;69.29
55.97;68.71
56.33;66.23
56.23;67.24
55.13;67.91
54.88;71.51
55.26;71.61
57.19;72.92
57.9;73.62
58.57;73.73
58.99;73.72
59.36;74.98
59.34;75.31
59.73;74.64
60.14;74.94
59.9;75.83
59.41;76.4
60.01;75.91
60.48;75.78
60.39;76.16
59.92;76.47
59.74;75.2
60.14;77.33
59.67;78.24
60.31;78.87
61.07;77.8
61.59;77.57
60.98;76.7
60.98;77.01
60.5;75.64
60.21;75.77
59.76;77.02
59.62;77.59
59.94;76.2
60.62;76.47
60.05;76.04
59.96;75.22
59.59;75.28
59.22;74.4
59.2;74.27
58.96;74.75
59.14;75.77
59.4;77.19
59.64;77.29
60.66;77.31
61.37;76.11
61.44;74.88
60.92;75.3
59.57;76.15
59.15;73.35
59.58;72.88
58.69;73.45
58.08;73.49
58.33;74.71
58.17;75.7
58.89;74.86
59.71;75.19
59.53;75.25
59.64;75.32
59.75;74.03
59.59;73.61
59.16;74.42
59.14;75.08
59.95;75.29
60.32;76.0
61.01;76.86
61.46;76.68
61.64;75.98
61.72;77.22
61.72;77.55
61.83;78.0
62.07;77.68
62.28;76.58
61.77;75.85
60.61;76.08
60.05;76.7
60.28;76.74
60.43;77.78
60.21;77.93
60.57;78.85
60.41;79.25
60.84;79.11
61.59;79.52
61.24;79.5
61.07;79.75
60.75;79.38
61.47;79.72
61.88;80.23
61.89;80.07
62.04;80.89
62.27;80.2
62.15;79.79
61.93;78.36
62.21;78.36
61.61;78.83
61.03;78.7
61.4;79.09
61.5;79.27
61.52;78.38
62.07;78.32
61.7;78.24
61.36;79.4
61.16;79.92
62.18;80.72
62.65;81.14
63.02;81.83
63.11;81.8
63.47;82.18
63.47;81.94
63.67;81.25
63.51;82.54
63.09;82.2
63.71;82.23
63.69;82.1
63.82;81.53
63.86;80.77
63.53;80.47
62.79;81.21
62.75;81.14
62.34;81.58
62.1;81.42
62.22;82.14
62.33;81.6
62.5;82.47
62.78;81.57
62.77;82.53
61.99;81.27
61.87;80.8
61.39;82.56
60.72;82.09
61.43;81.94
61.24;80.92
60.96;82.19
60.24;82.8
60.75;82.53
61.56;82.9
61.38;83.85
61.69;84.49
62.05;85.14
63.05;85.26
63.58;85.02
63.56;85.53
64.09;85.63
64.44;85.53
64.52;85.19
64.47;85.52
64.38;85.39
64.17;85.06
63.72;85.93
63.1;86.06
63.2;85.3
63.58;86.06
63.71;85.7
64.14;84.79
63.76;84.72
63.25;85.14
62.88;84.86
63.46;85.25
63.2;85.43
63.21;85.48
63.34;85.49
63.31;85.63
63.23;84.5
62.96;83.57
62.6;84.65
62.02;83.34
62.08;83.98
61.68;84.06
62.02;84.25
62.24;82.79
62.58;82.13
62.15;83.7
61.38;83.81
61.97;82.44
62.39;83.38
62.09;81.11
62.39;81.64
61.21;79.41
60.93;79.62
59.78;77.68
59.71;77.35
58.97;79.33
58.11;80.93
58.94;82.84
59.94;82.43
61.3;83.27
61.43;83.85
61.43;83.7
61.55;85.1
61.77;84.73
62.06;85.38
61.93;86.48
62.67;86.79
63.31;85.5
63.53;86.12
62.92;87.06
62.39;85.17
62.88;84.96
61.79;85.15
61.47;85.08
61.3;85.63
61.12;85.93
61.41;85.56
61.86;85.44
61.73;85.0
61.89;84.13
61.74;84.19
60.84;85.72
60.47;86.73
61.1;86.99
62.18;87.55
62.57;87.73
62.66;88.45
62.79;88.11
63.02;88.23
62.97;88.73
62.88;88.77
63.25;87.95
62.88;86.71
62.6;87.93
61.95;87.68
62.0;87.12
62.59;86.42
62.47;87.58
61.94;88.75
61.93;89.02
62.46;90.28
62.45;90.75
63.42;90.49
63.77;91.07
63.65;91.52
63.51;90.76
64.0;90.27
63.87;89.85
63.52;88.53
63.27;88.06
62.54;88.96
62.24;89.88
62.43;90.33
62.45;90.53
62.93;91.23
63.14;90.31
63.42;90.42
63.22;91.22
63.25;90.8
64.04;90.25
63.87;91.19
64.28;90.78
64.82;91.02
64.56;90.06
64.78;88.81
64.28;89.34
63.36;87.17
63.21;88.1
62.28;90.18
61.87;97.06
62.49;98.37
65.54;97.77
67.26;97.49
67.18;97.68
67.05;97.63
66.85;99.27
67.2;99.83
67.78;99.78
68.34;99.54
68.41;99.56
67.92;100.2
67.25;100.62
67.33;100.31
67.75;101.17
67.65;100.21
68.03;99.75
67.61;101.48
67.21;101.92
68.26;101.17
69.12;100.66
69.2;99.5
69.01;100.88
68.58;98.8
68.72;98.61
67.97;102.71
67.49;102.01
68.86;102.9
69.36;102.51
69.39;103.47
69.03;102.9
68.96;103.92
68.8;103.71
69.02;102.65
68.92;100.63
68.73;100.86
68.12;101.09
67.42;101.7
67.08;100.52
67.95;101.05
67.76;101.59
67.69;101.23
67.66;101.04
67.42;101.93
66.96;102.32
67.93;102.5
69.09;102.08
69.74;102.22
69.41;102.53
69.05;103.6
69.26;102.25
69.55;103.71
68.99;103.2
69.13;103.45
68.82;104.46
67.99;104.97
68.2;105.57
68.31;105.34
68.69;105.24
68.7;104.19
69.2;105.92
68.56;106.41
69.19;106.2
69.9;105.15
70.68;104.71
70.26;105.53
69.4;104.08
69.73;104.69
68.82;104.64
68.27;105.35
68.45;105.71
68.71;105.74
69.23;105.96
69.12;105.61
69.44;105.79
69.03;105.67
69.39;104.88
69.72;105.77
68.96;105.93
68.5;105.77
68.29;106.34
68.26;106.14
68.21;106.54
68.24;105.71
68.02;105.71
67.53;104.74
67.42;104.0
67.39;105.42
67.43;106.01
68.39;105.37
69.08;105.59
69.12;106.44
69.08;106.85
69.59;108.51
70.03;107.93
70.08;108.8
70.59;109.65
70.52;109.03
71.05;109.68
71.24;110.2
71.28;108.34
71.73;109.39
71.02;110.98
71.46;110.82
71.17;111.53
70.84;112.88
71.06;111.04
71.41;111.43
70.61;112.24
70.2;113.79
70.27;113.6
70.36;114.03
70.79;114.78
71.56;114.57
71.55;115.27
71.99;115.01
72.66;115.03
72.76;114.52
72.59;114.62
72.55;113.99
72.27;114.19
72.11;115.52
71.85;115.7
71.79;115.67
71.6;116.75
71.15;117.3
71.39;106.54
71.68;104.64
68.22;105.41
66.3;107.0
66.46;104.11
67.35;103.13
67.25;103.64
66.73;103.3
67.04;105.12
66.63;103.08
67.35;102.61
67.13;96.41
67.28;95.28
65.52;91.92
63.88;92.43
62.6;95.65
63.13;98.49
65.1;98.78
67.08;98.21
67.69;95.92
66.95;98.22
65.06;98.31
65.25;97.33
65.98;100.26
65.44;98.23
65.91;98.9
65.57;100.71
66.01;100.08
66.66;99.7
65.78;100.21
65.85;100.44
66.01;99.13
65.75;99.68
65.04;98.79
64.44;97.91
64.49;96.99
63.65;96.68
64.55;94.94
64.44;95.83
63.1;98.51
63.55;98.97
64.9;99.29
65.49;100.1
66.42;100.03
67.54;99.66
67.26;100.84
65.89;101.75
65.48;102.51
66.11;102.75
66.61;101.92
66.53;104.0
65.55;104.34
65.03;105.52
65.15;105.88
66.46;106.12
67.15;109.17
66.72;109.01
67.75;109.43
67.24;109.67
67.1;110.22
67.17;110.89
67.57;109.64
68.15;110.89
67.88;111.37
68.04;109.17
68.2;108.92
67.52;111.5
67.75;112.22
68.56;113.19
68.94;112.32
68.74;112.02
68.07;110.7
67.9;111.74
67.42;111.94
67.77;113.88
67.71;114.43
67.81;115.74
67.71;115.11
68.49;113.7
68.62;114.39
68.5;110.98
68.3;109.38
66.76;111.23
65.04;109.89
66.17;107.85
66.41;110.12
65.62;109.73
65.63;108.42
65.51;107.45
64.64;107.45
63.84;104.81
64.14;106.08
63.0;108.81
62.97;110.39
64.14;108.66
65.2;104.5
65.13;103.4
63.88;103.55
62.67;102.41
62.51;102.7
61.53;104.04
61.39;103.88
62.35;103.16
62.48;101.94
62.21;99.9
61.7;97.88
61.31;97.36
60.74;96.53
60.44;96.28
60.26;96.93
60.65;98.43
61.4;95.54
62.44;96.15
62.53;91.09
62.8;91.16
60.9;89.77
60.45;91.21
59.72;94.0
59.78;92.44
61.51;93.39
61.19;91.5
62.0;90.74
61.72;92.96
60.64;92.31
61.49;90.34
61.51;92.3
60.98;92.58
61.32;91.09
61.81;89.37
61.24;89.56
60.43;86.19
60.51;87.61
59.04;88.43
58.81;90.13
59.59;92.65
60.12;92.33
61.94;92.17
62.35;93.49
62.33;92.53
62.82;92.58
62.59;92.79
61.85;92.46
61.09;92.67
61.25;94.73
61.38;94.1
61.77;95.87
61.72;95.54
62.29;96.42
62.16;94.9
62.01;94.74
61.12;94.14
60.89;95.01
60.21;95.86
60.63;95.3
61.27;95.5
61.1;96.62
62.22;96.24
62.47;95.52
62.07;94.66
61.62;93.94
60.72;94.31
60.28;95.16
60.31;95.23
60.59;95.95
60.71;96.34
61.25;96.11
60.77;95.73
60.45;94.1
60.31;94.57
59.53;93.29
58.99;93.54
58.07;93.39
58.01;94.44
58.11;96.51
58.59;95.68
59.33;95.64
59.22;98.45
58.71;99.57
60.06;100.18
60.29;99.83
60.75;100.67
60.86;101.45
60.61;101.76
61.65;102.13
62.23;100.92
62.37;100.17
62.14;101.24
61.44;100.68
62.13;100.57
62.13;101.79
62.13;102.39
62.42;102.19
62.9;103.41
62.95;99.23
62.25;98.67
60.71;97.52
61.08;97.36
60.7;96.95
60.41;96.04
60.32;95.47
60.05;96.8
59.74;96.22
60.46;96.54
60.4;96.88
60.32;96.83
60.92;97.29
61.07;96.25
61.47;95.58
61.67;95.77
61.54;95.8
61.49;95.83
61.31;95.41
61.62;95.11
62.08;94.92
62.47;94.43
63.16;94.65
62.89;95.46
62.73;95.33
62.64;95.44
62.75;96.04
63.82;96.59
64.07;95.87
63.97;95.84
64.33;96.06
64.61;92.86
65.23;91.56
64.53;93.18
63.57;94.08
63.92;94.9
64.41;95.1
64.93;94.74
64.48;95.51
64.22;96.16
64.44;97.35
65.06;97.7
65.1;97.91
65.86;97.6
66.88;97.69
66.15;97.52
65.47;97.86
64.44;97.2
64.31;95.98
63.79;95.77
62.96;95.48
62.12;95.17
61.76;94.48
61.1;94.13
60.95;93.72
60.36;93.76
60.18;93.36
59.96;92.84
59.7;93.9
59.78;92.99
60.04;93.64
60.25;93.56
60.85;94.46
60.57;95.63
60.4;95.54
60.67;94.63
60.55;94.88
60.59;94.67
60.36;94.66
60.21;94.44
60.34;94.19
60.08;93.68
59.82;93.78
59.65;93.63
59.88;93.37
60.18;93.04
59.76;92.7
59.23;92.69
59.03;92.3
59.11;92.11
59.14;92.26
59.31;91.66
58.91;91.57
58.96;91.94
58.6;90.31
58.99;91.5
59.08;90.58
59.32;90.15
58.77;90.39
58.76;90.45
58.52;90.51
58.62;90.83
59.08;90.28
59.13;91.28
58.88;91.14
58.79;89.86
58.79;89.63
58.57;90.09
58.58;89.7
59.1;90.74
59.09;90.38
59.38;90.48
59.5;90.34
59.56;90.71
59.94;90.38
59.93;90.38
59.89;89.76
59.67;89.32
59.63;89.04
59.54;89.22
59.88;88.76
60.67;89.09
60.33;89.83
60.61;89.93
60.94;90.91
60.93;91.24
61.67;90.63
61.99;91.36
61.61;91.87
61.93;91.71
62.31;90.57
63.07;90.28
62.72;89.81
62.34;91.24
61.93;90.34
62.32;92.27
62.44;92.22
63.36;92.48
63.42;92.79
63.81;95.45
63.61;95.68
64.04;95.47
64.75;96.86
64.59;97.1
65.17;96.0
65.18;95.4
64.77;95.48
64.3;96.02
64.69;96.56
64.66;96.71
64.55;97.39
64.25;96.86
63.99;96.68
63.89;96.25
63.82;97.68
63.37;98.36
63.82;99.66
64.14;101.8
64.55;103.26
65.34;102.47
66.56;102.26
66.62;102.46
66.38;102.79
66.31;102.32
66.6;103.69
66.09;103.85
66.24;103.94
66.45;103.81
65.89;103.54
65.64;103.56
65.21;102.7
65.3;102.96
64.79;102.62
